Team,User,Name,Email,CountryCode,Phone,Role,TeamRole
Team1,User1,Name1,Name1@email.com,55,1231230000,user,responder
Team2,User2,Name2,Name2@email.com,55,1231230001,user,responder
Team3,User3,Name3,Name3@email.com,55,1231230002,user,responder
Team4,User4,Name4,Name4@email.com,55,1231230003,user,responder
Team5,User5,Name5,Name5@email.com,55,1231230004,user,responder
Team6,User6,Name6,Name6@email.com,55,1231230005,user,responder
Team7,User7,Name7,Name7@email.com,55,1231230006,user,responder
Team8,User8,Name8,Name8@email.com,55,1231230007,user,responder
Team9,User9,Name9,Name9@email.com,55,1231230008,user,responder
Team10,User10,Name10,Name10@email.com,55,1231230009,user,responder
Team11,User11,Name11,Name11@email.com,55,1231230010,user,responder
Team12,User12,Name12,Name12@email.com,55,1231230011,user,responder
Team13,User13,Name13,Name13@email.com,55,1231230012,user,responder
Team14,User14,Name14,Name14@email.com,55,1231230013,user,responder
Team15,User15,Name15,Name15@email.com,55,1231230014,user,responder
Team16,User16,Name16,Name16@email.com,55,1231230015,user,responder
Team17,User17,Name17,Name17@email.com,55,1231230016,user,responder
Team18,User18,Name18,Name18@email.com,55,1231230017,user,responder
Team19,User19,Name19,Name19@email.com,55,1231230018,user,responder
Team20,User20,Name20,Name20@email.com,55,1231230019,user,responder
Team21,User21,Name21,Name21@email.com,55,1231230020,user,responder
Team22,User22,Name22,Name22@email.com,55,1231230021,user,responder
Team23,User23,Name23,Name23@email.com,55,1231230022,user,responder
Team24,User24,Name24,Name24@email.com,55,1231230023,user,responder
Team25,User25,Name25,Name25@email.com,55,1231230024,user,responder
Team26,User26,Name26,Name26@email.com,55,1231230025,user,responder
Team27,User27,Name27,Name27@email.com,55,1231230026,user,responder
Team28,User28,Name28,Name28@email.com,55,1231230027,user,responder
Team29,User29,Name29,Name29@email.com,55,1231230028,user,responder
Team30,User30,Name30,Name30@email.com,55,1231230029,user,responder
Team31,User31,Name31,Name31@email.com,55,1231230030,user,responder
Team32,User32,Name32,Name32@email.com,55,1231230031,user,responder
Team33,User33,Name33,Name33@email.com,55,1231230032,user,responder
Team34,User34,Name34,Name34@email.com,55,1231230033,user,responder
Team35,User35,Name35,Name35@email.com,55,1231230034,user,responder
Team36,User36,Name36,Name36@email.com,55,1231230035,user,responder
Team37,User37,Name37,Name37@email.com,55,1231230036,user,responder
Team38,User38,Name38,Name38@email.com,55,1231230037,user,responder
Team39,User39,Name39,Name39@email.com,55,1231230038,user,responder
Team40,User40,Name40,Name40@email.com,55,1231230039,user,responder
Team41,User41,Name41,Name41@email.com,55,1231230040,user,responder
Team42,User42,Name42,Name42@email.com,55,1231230041,user,responder
Team43,User43,Name43,Name43@email.com,55,1231230042,user,responder
Team44,User44,Name44,Name44@email.com,55,1231230043,user,responder
Team45,User45,Name45,Name45@email.com,55,1231230044,user,responder
Team46,User46,Name46,Name46@email.com,55,1231230045,user,responder
Team47,User47,Name47,Name47@email.com,55,1231230046,user,responder
Team48,User48,Name48,Name48@email.com,55,1231230047,user,responder
Team49,User49,Name49,Name49@email.com,55,1231230048,user,responder
Team50,User50,Name50,Name50@email.com,55,1231230049,user,responder
